,mean,std
2,0.49286571111372995,0.16116063273637155
8,0.5374226001116033,0.15356177002318155
